,custom_adaptation,custom_confidence,custom_score,custom_time
0,"[  0.3396  99.827  100.      92.686   28.      94.0161  80.7624  63.5628
   1.    ]",[0.18531227 0.4609117  0.97107029 0.60701597],0.3308754423375935,0.031461238861083984
1,"[51.70492244 91.32466048 98.97397353 13.6657      6.         71.8208
 75.0593     60.5977      1.        ]",[0.70931091 0.03991446 0.20991224 0.14323345],0.48018536463819983,0.037676095962524414
2,"[ 29.79159123  91.2671975  100.          56.6401      77.
   7.5391       1.6253      80.0753       0.        ]",[0.09293446 0.81314626 0.74229562 0.60092777],0.40051607145301993,0.0762777328491211
3,"[100.           0.46271583 100.          15.2602      69.
  53.3293      80.054       70.5053       0.        ]",[0.0032525  0.06518295 0.99874133 0.00885072],0.464299197840515,0.14086294174194336
4,"[  0.          90.30550616 100.          32.8658      99.
   2.4322      12.8356      94.2017       1.        ]",[0.6570829  0.44144377 0.99459261 0.99600464],0.2980051295240478,0.17799091339111328
