,custom_adaptation,custom_confidence,custom_score,custom_time
0,"[14.34957694 91.4713753  99.99997813 92.686      28.         94.0161
 80.7624     63.5628      1.        ]",[0.18531227 0.45507034 0.94088721 0.87561685],0.3527365803810837,1.0666837692260742
1,"[ 0.78275977 90.08947359 99.97073981 13.6657      6.         71.8208
 75.0593     60.5977      1.        ]",[0.73190999 0.1125957  0.24407864 0.25386354],0.30300497851318775,1.1855380535125732
2,"[29.53972619 90.22798245 99.98036831 56.6401     77.          7.5391
  1.6253     80.0753      0.        ]",[0.09293446 0.81314626 0.74229562 0.65084356],0.39929113439625386,1.068437099456787
3,"[29.69947406 55.79401423  0.45849349 15.2602     69.         53.3293
 80.054      70.5053      0.        ]",[0.05251064 0.04197637 0.95524782 0.74602675],0.6167833160036988,1.3794901371002197
4,"[7.19688981e-02 9.25540900e+01 9.18774058e+01 3.28658000e+01
 9.90000000e+01 2.43220000e+00 1.28356000e+01 9.42017000e+01
 1.00000000e+00]",[0.69835922 0.4271697  0.99442613 0.99354458],0.3358288437914373,1.0460166931152344
